slug,image_url,brand,group_name
vreznoy-homut-20-15-nevo,/images/products/nevo-vreznoy-homut.webp,Nevo,Врезной хомут
vreznoy-homut-25-15-nevo,/images/products/nevo-vreznoy-homut.webp,Nevo,Врезной хомут
vreznoy-homut-32-20-all-ayzen,/images/products/nevo-vreznoy-homut.webp,ALL AYZEN,Врезной хомут
vreznoy-homut-40-20-all-ayzen,/images/products/nevo-vreznoy-homut.webp,ALL AYZEN,Врезной хомут
vreznoy-homut-50-20-all-ayzen,/images/products/nevo-vreznoy-homut.webp,ALL AYZEN,Врезной хомут
vreznoy-homut-63-20-all-ayzen,/images/products/nevo-vreznoy-homut.webp,ALL AYZEN,Врезной хомут
vreznoy-homut-75-25-all-ayzen,/images/products/nevo-vreznoy-homut.webp,ALL AYZEN,Врезной хомут
vreznoy-homut-90-25-all-ayzen,/images/products/nevo-vreznoy-homut.webp,ALL AYZEN,Врезной хомут
vreznoy-homut-110-25-all-ayzen,/images/products/nevo-vreznoy-homut.webp,ALL AYZEN,Врезной хомут
vreznoy-homut-110-32-nevo,/images/products/nevo-vreznoy-homut.webp,Nevo,Врезной хомут
vreznoy-homut-110-40-nevo,/images/products/nevo-vreznoy-homut.webp,Nevo,Врезной хомут
vreznoy-homut-125-25-nevo,/images/products/nevo-vreznoy-homut.webp,Nevo,Врезной хомут
vreznoy-homut-125-32-nevo,/images/products/nevo-vreznoy-homut.webp,Nevo,Врезной хомут
vreznoy-homut-125-40-nevo,/images/products/nevo-vreznoy-homut.webp,Nevo,Врезной хомут
vreznoy-homut-140-25-nevo,/images/products/nevo-vreznoy-homut.webp,Nevo,Врезной хомут
vreznoy-homut-140-32-nevo,/images/products/nevo-vreznoy-homut.webp,Nevo,Врезной хомут
vreznoy-homut-140-40-nevo,/images/products/nevo-vreznoy-homut.webp,Nevo,Врезной хомут
vreznoy-homut-160-25-all-ayzen,/images/products/nevo-vreznoy-homut.webp,ALL AYZEN,Врезной хомут
vreznoy-homut-160-32-nevo,/images/products/nevo-vreznoy-homut.webp,Nevo,Врезной хомут
vreznoy-homut-160-40-nevo,/images/products/nevo-vreznoy-homut.webp,Nevo,Врезной хомут
vreznoy-homut-200-32-nevo,/images/products/nevo-vreznoy-homut.webp,Nevo,Врезной хомут
vreznoy-homut-200-40-nevo,/images/products/nevo-vreznoy-homut.webp,Nevo,Врезной хомут
vtulka-pod-flanets-adapter-50-absan-sanat,/images/products/absan-pe-vtulka-flanec.webp,Absan Sanat,Втулка под фланец (Адаптер)
vtulka-pod-flanets-adapter-63-absan-sanat,/images/products/absan-pe-vtulka-flanec.webp,Absan Sanat,Втулка под фланец (Адаптер)
vtulka-pod-flanets-adapter-75-absan-sanat,/images/products/absan-pe-vtulka-flanec.webp,Absan Sanat,Втулка под фланец (Адаптер)
vtulka-pod-flanets-adapter-90-absan-sanat,/images/products/absan-pe-vtulka-flanec.webp,Absan Sanat,Втулка под фланец (Адаптер)
vtulka-pod-flanets-adapter-110-absan-sanat,/images/products/absan-pe-vtulka-flanec.webp,Absan Sanat,Втулка под фланец (Адаптер)
vtulka-pod-flanets-adapter-160-absan-sanat,/images/products/absan-pe-vtulka-flanec.webp,Absan Sanat,Втулка под фланец (Адаптер)
vtulka-pod-flanets-adapter-200-absan-sanat,/images/products/absan-pe-vtulka-flanec.webp,Absan Sanat,Втулка под фланец (Адаптер)
vtulka-pod-flanets-adapter-250-absan-sanat,/images/products/absan-pe-vtulka-flanec.webp,Absan Sanat,Втулка под фланец (Адаптер)
vtulka-pod-flanets-adapter-315-absan-sanat,/images/products/absan-pe-vtulka-flanec.webp,Absan Sanat,Втулка под фланец (Адаптер)
vtulka-pod-flanets-adapter-400-absan-sanat,/images/products/absan-pe-vtulka-flanec.webp,Absan Sanat,Втулка под фланец (Адаптер)
vtulka-pod-flanets-adapter-500-absan-sanat,/images/products/absan-pe-vtulka-flanec.webp,Absan Sanat,Втулка под фланец (Адаптер)
otvod-polietilenovyy-50-absan-sanat,/images/products/absan-pe-otvod.webp,Absan Sanat,Отвод полиэтиленовый
otvod-polietilenovyy-63-absan-sanat,/images/products/absan-pe-otvod.webp,Absan Sanat,Отвод полиэтиленовый
otvod-polietilenovyy-75-absan-sanat,/images/products/absan-pe-otvod.webp,Absan Sanat,Отвод полиэтиленовый
otvod-polietilenovyy-90-absan-sanat,/images/products/absan-pe-otvod.webp,Absan Sanat,Отвод полиэтиленовый
otvod-polietilenovyy-110-absan-sanat,/images/products/absan-pe-otvod.webp,Absan Sanat,Отвод полиэтиленовый
otvod-polietilenovyy-160-absan-sanat,/images/products/absan-pe-otvod.webp,Absan Sanat,Отвод полиэтиленовый
otvod-polietilenovyy-200-absan-sanat,/images/products/absan-pe-otvod.webp,Absan Sanat,Отвод полиэтиленовый
otvod-polietilenovyy-250-absan-sanat,/images/products/absan-pe-otvod.webp,Absan Sanat,Отвод полиэтиленовый
otvod-polietilenovyy-300-absan-sanat,/images/products/absan-pe-otvod.webp,Absan Sanat,Отвод полиэтиленовый
otvod-polietilenovyy-400-absan-sanat,/images/products/absan-pe-otvod.webp,Absan Sanat,Отвод полиэтиленовый
otvod-polietilenovyy-500-absan-sanat,/images/products/absan-pe-otvod.webp,Absan Sanat,Отвод полиэтиленовый
krestovina-90x90-absan-sanat,/images/products/absan-pe-krestovina.webp,Absan Sanat,Крестовина
krestovina-110x110-absan-sanat,/images/products/absan-pe-krestovina.webp,Absan Sanat,Крестовина
krestovina-160x160-absan-sanat,/images/products/absan-pe-krestovina.webp,Absan Sanat,Крестовина
krestovina-200x200-absan-sanat,/images/products/absan-pe-krestovina.webp,Absan Sanat,Крестовина
troynik-63-pn16-absan-sanat,/images/products/absan-pe-troynik.webp,Absan Sanat,Тройник
troynik-75-pn16-absan-sanat,/images/products/absan-pe-troynik.webp,Absan Sanat,Тройник
troynik-90-pn16-absan-sanat,/images/products/absan-pe-troynik.webp,Absan Sanat,Тройник
troynik-110-absan-sanat,/images/products/absan-pe-troynik.webp,Absan Sanat,Тройник
troynik-160-absan-sanat,/images/products/absan-pe-troynik.webp,Absan Sanat,Тройник
troynik-200-absan-sanat,/images/products/absan-pe-troynik.webp,Absan Sanat,Тройник
troynik-250-absan-sanat,/images/products/absan-pe-troynik.webp,Absan Sanat,Тройник
troynik-315-absan-sanat,/images/products/absan-pe-troynik.webp,Absan Sanat,Тройник
perehodnik-63x50-absan-sanat,/images/products/absan-pe-perehodnik.webp,Absan Sanat,Переходник
perehodnik-75x50-absan-sanat,/images/products/absan-pe-perehodnik.webp,Absan Sanat,Переходник
perehodnik-75x63-absan-sanat,/images/products/absan-pe-perehodnik.webp,Absan Sanat,Переходник
perehodnik-90x75-absan-sanat,/images/products/absan-pe-perehodnik.webp,Absan Sanat,Переходник
perehodnik-110x50-absan-sanat,/images/products/absan-pe-perehodnik.webp,Absan Sanat,Переходник
perehodnik-110x63-absan-sanat,/images/products/absan-pe-perehodnik.webp,Absan Sanat,Переходник
perehodnik-110x75-absan-sanat,/images/products/absan-pe-perehodnik.webp,Absan Sanat,Переходник
perehodnik-110x90-absan-sanat,/images/products/absan-pe-perehodnik.webp,Absan Sanat,Переходник
perehodnik-160x90-absan-sanat,/images/products/absan-pe-perehodnik.webp,Absan Sanat,Переходник
perehodnik-160x110-absan-sanat,/images/products/absan-pe-perehodnik.webp,Absan Sanat,Переходник
perehodnik-200x110-absan-sanat,/images/products/absan-pe-perehodnik.webp,Absan Sanat,Переходник
perehodnik-200x160-absan-sanat,/images/products/absan-pe-perehodnik.webp,Absan Sanat,Переходник
perehodnik-250x160-absan-sanat,/images/products/absan-pe-perehodnik.webp,Absan Sanat,Переходник
perehodnik-250x200-absan-sanat,/images/products/absan-pe-perehodnik.webp,Absan Sanat,Переходник
perehodnik-315x250-absan-sanat,/images/products/absan-pe-perehodnik.webp,Absan Sanat,Переходник
troynik-perehodnik-63x50-absan-sanat,/images/products/absan-pe-troynik-perehodnik.webp,Absan Sanat,Тройник переходник
troynik-perehodnik-75x50-absan-sanat,/images/products/absan-pe-troynik-perehodnik.webp,Absan Sanat,Тройник переходник
troynik-perehodnik-75x63-absan-sanat,/images/products/absan-pe-troynik-perehodnik.webp,Absan Sanat,Тройник переходник
troynik-perehodnik-90x75-absan-sanat,/images/products/absan-pe-troynik-perehodnik.webp,Absan Sanat,Тройник переходник
troynik-perehodnik-110x50-absan-sanat,/images/products/absan-pe-troynik-perehodnik.webp,Absan Sanat,Тройник переходник
troynik-perehodnik-110x63-absan-sanat,/images/products/absan-pe-troynik-perehodnik.webp,Absan Sanat,Тройник переходник
troynik-perehodnik-110x75-absan-sanat,/images/products/absan-pe-troynik-perehodnik.webp,Absan Sanat,Тройник переходник
troynik-perehodnik-110x90-absan-sanat,/images/products/absan-pe-troynik-perehodnik.webp,Absan Sanat,Тройник переходник
troynik-perehodnik-160x90-absan-sanat,/images/products/absan-pe-troynik-perehodnik.webp,Absan Sanat,Тройник переходник
troynik-perehodnik-200x110-absan-sanat,/images/products/absan-pe-troynik-perehodnik.webp,Absan Sanat,Тройник переходник
troynik-perehodnik-250x200-absan-sanat,/images/products/absan-pe-troynik-perehodnik.webp,Absan Sanat,Тройник переходник
troynik-perehodnik-315x250-absan-sanat,/images/products/absan-pe-troynik-perehodnik.webp,Absan Sanat,Тройник переходник
pol-otvod-75-absan-sanat,/images/products/absan-pe-pol-otvod.webp,Absan Sanat,Пол отвод
pol-otvod-90-absan-sanat,/images/products/absan-pe-pol-otvod.webp,Absan Sanat,Пол отвод
pol-otvod-110-absan-sanat,/images/products/absan-pe-pol-otvod.webp,Absan Sanat,Пол отвод
pol-otvod-160-absan-sanat,/images/products/absan-pe-pol-otvod.webp,Absan Sanat,Пол отвод
pol-otvod-200-absan-sanat,/images/products/absan-pe-pol-otvod.webp,Absan Sanat,Пол отвод
pol-otvod-250-absan-sanat,/images/products/absan-pe-pol-otvod.webp,Absan Sanat,Пол отвод
pol-otvod-315-absan-sanat,/images/products/absan-pe-pol-otvod.webp,Absan Sanat,Пол отвод
zaglushka-63-absan-sanat,/images/products/absan-pe-zaglushka.webp,Absan Sanat,Заглушка
zaglushka-75-absan-sanat,/images/products/absan-pe-zaglushka.webp,Absan Sanat,Заглушка
zaglushka-90-absan-sanat,/images/products/absan-pe-zaglushka.webp,Absan Sanat,Заглушка
zaglushka-110-absan-sanat,/images/products/absan-pe-zaglushka.webp,Absan Sanat,Заглушка
zaglushka-160-absan-sanat,/images/products/absan-pe-zaglushka.webp,Absan Sanat,Заглушка
zaglushka-200-absan-sanat,/images/products/absan-pe-zaglushka.webp,Absan Sanat,Заглушка
vtulka-pod-flanets-adapter-20,/images/products/china-pe-vtulka-flanec.webp,China,Втулка под фланец (Адаптер)
vtulka-pod-flanets-adapter-25,/images/products/china-pe-vtulka-flanec.webp,China,Втулка под фланец (Адаптер)
vtulka-pod-flanets-adapter-32,/images/products/china-pe-vtulka-flanec.webp,China,Втулка под фланец (Адаптер)
vtulka-pod-flanets-adapter-40,/images/products/china-pe-vtulka-flanec.webp,China,Втулка под фланец (Адаптер)
vtulka-pod-flanets-adapter-50,/images/products/china-pe-vtulka-flanec.webp,China,Втулка под фланец (Адаптер)
vtulka-pod-flanets-adapter-63,/images/products/china-pe-vtulka-flanec.webp,China,Втулка под фланец (Адаптер)
vtulka-pod-flanets-adapter-75,/images/products/china-pe-vtulka-flanec.webp,China,Втулка под фланец (Адаптер)
vtulka-pod-flanets-adapter-90,/images/products/china-pe-vtulka-flanec.webp,China,Втулка под фланец (Адаптер)
vtulka-pod-flanets-adapter-110,/images/products/china-pe-vtulka-flanec.webp,China,Втулка под фланец (Адаптер)
vtulka-pod-flanets-adapter-125,/images/products/china-pe-vtulka-flanec.webp,China,Втулка под фланец (Адаптер)
vtulka-pod-flanets-adapter-140,/images/products/china-pe-vtulka-flanec.webp,China,Втулка под фланец (Адаптер)
vtulka-pod-flanets-adapter-160,/images/products/china-pe-vtulka-flanec.webp,China,Втулка под фланец (Адаптер)
vtulka-pod-flanets-adapter-180,/images/products/china-pe-vtulka-flanec.webp,China,Втулка под фланец (Адаптер)
vtulka-pod-flanets-adapter-200,/images/products/china-pe-vtulka-flanec.webp,China,Втулка под фланец (Адаптер)
vtulka-pod-flanets-adapter-250,/images/products/china-pe-vtulka-flanec.webp,China,Втулка под фланец (Адаптер)
vtulka-pod-flanets-adapter-280,/images/products/china-pe-vtulka-flanec.webp,China,Втулка под фланец (Адаптер)
vtulka-pod-flanets-adapter-315,/images/products/china-pe-vtulka-flanec.webp,China,Втулка под фланец (Адаптер)
troynik-50x50x50,/images/products/china-pe-troynik.webp,China,Тройник
troynik-63x63x63,/images/products/china-pe-troynik.webp,China,Тройник
troynik-75x75x75,/images/products/china-pe-troynik.webp,China,Тройник
troynik-90x90x90,/images/products/china-pe-troynik.webp,China,Тройник
troynik-110x110x110,/images/products/china-pe-troynik.webp,China,Тройник
troynik-125x125x125,/images/products/china-pe-troynik.webp,China,Тройник
troynik-140x140x140,/images/products/china-pe-troynik.webp,China,Тройник
troynik-160x160x160,/images/products/china-pe-troynik.webp,China,Тройник
troynik-180x180x180,/images/products/china-pe-troynik.webp,China,Тройник
troynik-200x200x200,/images/products/china-pe-troynik.webp,China,Тройник
troynik-250x250x250,/images/products/china-pe-troynik.webp,China,Тройник
troynik-315x315x315,/images/products/china-pe-troynik.webp,China,Тройник
troynik-400x400x400,/images/products/china-pe-troynik.webp,China,Тройник
troynik-500x500x500,/images/products/china-pe-troynik.webp,China,Тройник
otvod-50x50,/images/products/china-pe-otvod.webp,China,Отвод
otvod-63x63,/images/products/china-pe-otvod.webp,China,Отвод
otvod-75x75,/images/products/china-pe-otvod.webp,China,Отвод
otvod-90x90,/images/products/china-pe-otvod.webp,China,Отвод
otvod-110x110,/images/products/china-pe-otvod.webp,China,Отвод
otvod-125x125,/images/products/china-pe-otvod.webp,China,Отвод
otvod-140x140,/images/products/china-pe-otvod.webp,China,Отвод
otvod-160x160,/images/products/china-pe-otvod.webp,China,Отвод
otvod-180x180,/images/products/china-pe-otvod.webp,China,Отвод
otvod-200x200,/images/products/china-pe-otvod.webp,China,Отвод
otvod-250x250,/images/products/china-pe-otvod.webp,China,Отвод
otvod-280x280,/images/products/china-pe-otvod.webp,China,Отвод
otvod-315x315,/images/products/china-pe-otvod.webp,China,Отвод
otvod-400x400,/images/products/china-pe-otvod.webp,China,Отвод
pol-otvod-50x50,/images/products/china-pe-pol-otvod.webp,China,Пол отвод
pol-otvod-63x63,/images/products/china-pe-pol-otvod.webp,China,Пол отвод
pol-otvod-75x75,/images/products/china-pe-pol-otvod.webp,China,Пол отвод
pol-otvod-90x90,/images/products/china-pe-pol-otvod.webp,China,Пол отвод
pol-otvod-110x110,/images/products/china-pe-pol-otvod.webp,China,Пол отвод
pol-otvod-125x125,/images/products/china-pe-pol-otvod.webp,China,Пол отвод
pol-otvod-140x140,/images/products/china-pe-pol-otvod.webp,China,Пол отвод
pol-otvod-160x160,/images/products/china-pe-pol-otvod.webp,China,Пол отвод
pol-otvod-180x180,/images/products/china-pe-pol-otvod.webp,China,Пол отвод
pol-otvod-200x200,/images/products/china-pe-pol-otvod.webp,China,Пол отвод
pol-otvod-250x250,/images/products/china-pe-pol-otvod.webp,China,Пол отвод
pol-otvod-315x315,/images/products/china-pe-pol-otvod.webp,China,Пол отвод
pol-otvod-400x400,/images/products/china-pe-pol-otvod.webp,China,Пол отвод
pol-otvod-500x500,/images/products/china-pe-pol-otvod.webp,China,Пол отвод
mufta-20x20,/images/products/china-pe-mufta.webp,China,Муфта
mufta-25x25,/images/products/china-pe-mufta.webp,China,Муфта
mufta-32x32,/images/products/china-pe-mufta.webp,China,Муфта
mufta-40x40,/images/products/china-pe-mufta.webp,China,Муфта
mufta-50x50,/images/products/china-pe-mufta.webp,China,Муфта
mufta-63x63,/images/products/china-pe-mufta.webp,China,Муфта
mufta-75x75,/images/products/china-pe-mufta.webp,China,Муфта
mufta-90x90,/images/products/china-pe-mufta.webp,China,Муфта
mufta-110x110,/images/products/china-pe-mufta.webp,China,Муфта
zaglushka-50x50,/images/products/china-pe-zaglushka.webp,China,Заглушка
zaglushka-63x63,/images/products/china-pe-zaglushka.webp,China,Заглушка
zaglushka-75x75,/images/products/china-pe-zaglushka.webp,China,Заглушка
zaglushka-90x90,/images/products/china-pe-zaglushka.webp,China,Заглушка
zaglushka-110x110,/images/products/china-pe-zaglushka.webp,China,Заглушка
zaglushka-125x125,/images/products/china-pe-zaglushka.webp,China,Заглушка
zaglushka-140x140,/images/products/china-pe-zaglushka.webp,China,Заглушка
zaglushka-160x160,/images/products/china-pe-zaglushka.webp,China,Заглушка
zaglushka-180x180,/images/products/china-pe-zaglushka.webp,China,Заглушка
zaglushka-200x200,/images/products/china-pe-zaglushka.webp,China,Заглушка
zaglushka-250x250,/images/products/china-pe-zaglushka.webp,China,Заглушка
zaglushka-315x315,/images/products/china-pe-zaglushka.webp,China,Заглушка
perehodnik-50x20,/images/products/china-pe-perehodnik.webp,China,Переходник
perehodnik-50x25,/images/products/china-pe-perehodnik.webp,China,Переходник
perehodnik-50x32,/images/products/china-pe-perehodnik.webp,China,Переходник
perehodnik-50x40,/images/products/china-pe-perehodnik.webp,China,Переходник
perehodnik-75x50,/images/products/china-pe-perehodnik.webp,China,Переходник
perehodnik-75x63,/images/products/china-pe-perehodnik.webp,China,Переходник
perehodnik-90x40,/images/products/china-pe-perehodnik.webp,China,Переходник
perehodnik-90x50,/images/products/china-pe-perehodnik.webp,China,Переходник
perehodnik-90x63,/images/products/china-pe-perehodnik.webp,China,Переходник
perehodnik-90x75,/images/products/china-pe-perehodnik.webp,China,Переходник
perehodnik-110x40,/images/products/china-pe-perehodnik.webp,China,Переходник
perehodnik-110x50,/images/products/china-pe-perehodnik.webp,China,Переходник
perehodnik-110x63,/images/products/china-pe-perehodnik.webp,China,Переходник
perehodnik-110x75,/images/products/china-pe-perehodnik.webp,China,Переходник
perehodnik-110x90,/images/products/china-pe-perehodnik.webp,China,Переходник
perehodnik-125x110,/images/products/china-pe-perehodnik.webp,China,Переходник
perehodnik-140x110,/images/products/china-pe-perehodnik.webp,China,Переходник
perehodnik-140x125,/images/products/china-pe-perehodnik.webp,China,Переходник
perehodnik-160x90,/images/products/china-pe-perehodnik.webp,China,Переходник
perehodnik-160x110,/images/products/china-pe-perehodnik.webp,China,Переходник
perehodnik-160x125,/images/products/china-pe-perehodnik.webp,China,Переходник
perehodnik-160x140,/images/products/china-pe-perehodnik.webp,China,Переходник
perehodnik-180x110,/images/products/china-pe-perehodnik.webp,China,Переходник
perehodnik-180x125,/images/products/china-pe-perehodnik.webp,China,Переходник
perehodnik-180x140,/images/products/china-pe-perehodnik.webp,China,Переходник
perehodnik-180x160,/images/products/china-pe-perehodnik.webp,China,Переходник
perehodnik-200x90,/images/products/china-pe-perehodnik.webp,China,Переходник
perehodnik-200x110,/images/products/china-pe-perehodnik.webp,China,Переходник
perehodnik-200x125,/images/products/china-pe-perehodnik.webp,China,Переходник
perehodnik-200x140,/images/products/china-pe-perehodnik.webp,China,Переходник
perehodnik-200x160,/images/products/china-pe-perehodnik.webp,China,Переходник
perehodnik-200x180,/images/products/china-pe-perehodnik.webp,China,Переходник
perehodnik-250x110,/images/products/china-pe-perehodnik.webp,China,Переходник
perehodnik-250x160,/images/products/china-pe-perehodnik.webp,China,Переходник
perehodnik-250x200,/images/products/china-pe-perehodnik.webp,China,Переходник
perehodnik-315x110,/images/products/china-pe-perehodnik.webp,China,Переходник
perehodnik-315x200,/images/products/china-pe-perehodnik.webp,China,Переходник
perehodnik-315x250,/images/products/china-pe-perehodnik.webp,China,Переходник
perehodnik-400x200,/images/products/china-pe-perehodnik.webp,China,Переходник
perehodnik-400x250,/images/products/china-pe-perehodnik.webp,China,Переходник
perehodnik-400x315,/images/products/china-pe-perehodnik.webp,China,Переходник
perehodnik-500x400,/images/products/china-pe-perehodnik.webp,China,Переходник
troynik-perehodnik-63x50x63,/images/products/china-pe-troynik-perehodnik.webp,China,Тройник переходник
troynik-perehodnik-75x32x75,/images/products/china-pe-troynik-perehodnik.webp,China,Тройник переходник
troynik-perehodnik-75x40x75,/images/products/china-pe-troynik-perehodnik.webp,China,Тройник переходник
troynik-perehodnik-75x50x75,/images/products/china-pe-troynik-perehodnik.webp,China,Тройник переходник
troynik-perehodnik-75x63x75,/images/products/china-pe-troynik-perehodnik.webp,China,Тройник переходник
troynik-perehodnik-90x40x90,/images/products/china-pe-troynik-perehodnik.webp,China,Тройник переходник
troynik-perehodnik-90x50x90,/images/products/china-pe-troynik-perehodnik.webp,China,Тройник переходник
troynik-perehodnik-90x63x90,/images/products/china-pe-troynik-perehodnik.webp,China,Тройник переходник
troynik-perehodnik-90x75x90,/images/products/china-pe-troynik-perehodnik.webp,China,Тройник переходник
troynik-perehodnik-110x32x110,/images/products/china-pe-troynik-perehodnik.webp,China,Тройник переходник
troynik-perehodnik-110x40x110,/images/products/china-pe-troynik-perehodnik.webp,China,Тройник переходник
troynik-perehodnik-110x50x110,/images/products/china-pe-troynik-perehodnik.webp,China,Тройник переходник
troynik-perehodnik-110x63x110,/images/products/china-pe-troynik-perehodnik.webp,China,Тройник переходник
troynik-perehodnik-110x75x110,/images/products/china-pe-troynik-perehodnik.webp,China,Тройник переходник
troynik-perehodnik-110x90x110,/images/products/china-pe-troynik-perehodnik.webp,China,Тройник переходник
troynik-perehodnik-125x110x125,/images/products/china-pe-troynik-perehodnik.webp,China,Тройник переходник
troynik-perehodnik-140x110x140,/images/products/china-pe-troynik-perehodnik.webp,China,Тройник переходник
troynik-perehodnik-140x125x140,/images/products/china-pe-troynik-perehodnik.webp,China,Тройник переходник
troynik-perehodnik-160x90x160,/images/products/china-pe-troynik-perehodnik.webp,China,Тройник переходник
troynik-perehodnik-160x110x160,/images/products/china-pe-troynik-perehodnik.webp,China,Тройник переходник
troynik-perehodnik-180x110x180,/images/products/china-pe-troynik-perehodnik.webp,China,Тройник переходник
troynik-perehodnik-180x125x180,/images/products/china-pe-troynik-perehodnik.webp,China,Тройник переходник
troynik-perehodnik-180x140x180,/images/products/china-pe-troynik-perehodnik.webp,China,Тройник переходник
troynik-perehodnik-180x160x180,/images/products/china-pe-troynik-perehodnik.webp,China,Тройник переходник
troynik-perehodnik-200x90x200,/images/products/china-pe-troynik-perehodnik.webp,China,Тройник переходник
troynik-perehodnik-200x110x200,/images/products/china-pe-troynik-perehodnik.webp,China,Тройник переходник
troynik-perehodnik-200x125x200,/images/products/china-pe-troynik-perehodnik.webp,China,Тройник переходник
troynik-perehodnik-200x140x200,/images/products/china-pe-troynik-perehodnik.webp,China,Тройник переходник
troynik-perehodnik-200x160x200,/images/products/china-pe-troynik-perehodnik.webp,China,Тройник переходник
troynik-perehodnik-250x110x250,/images/products/china-pe-troynik-perehodnik.webp,China,Тройник переходник
troynik-perehodnik-250x160x250,/images/products/china-pe-troynik-perehodnik.webp,China,Тройник переходник
troynik-perehodnik-250x200x250,/images/products/china-pe-troynik-perehodnik.webp,China,Тройник переходник
troynik-perehodnik-315x110x315,/images/products/china-pe-troynik-perehodnik.webp,China,Тройник переходник
troynik-perehodnik-315x160x315,/images/products/china-pe-troynik-perehodnik.webp,China,Тройник переходник
troynik-perehodnik-315x200x315,/images/products/china-pe-troynik-perehodnik.webp,China,Тройник переходник
troynik-perehodnik-315x250x315,/images/products/china-pe-troynik-perehodnik.webp,China,Тройник переходник
troynik-perehodnik-400x315x400,/images/products/china-pe-troynik-perehodnik.webp,China,Тройник переходник
troynik-perehodnik-500x400x500,/images/products/china-pe-troynik-perehodnik.webp,China,Тройник переходник
krestovina-50x50,/images/products/absan-pe-krestovina.webp,China,Крестовина
krestovina-63x63,/images/products/absan-pe-krestovina.webp,China,Крестовина
krestovina-75x75,/images/products/absan-pe-krestovina.webp,China,Крестовина
krestovina-90x90,/images/products/absan-pe-krestovina.webp,China,Крестовина
krestovina-110x110,/images/products/absan-pe-krestovina.webp,China,Крестовина
krestovina-160x160,/images/products/absan-pe-krestovina.webp,China,Крестовина
krestovina-200x200,/images/products/absan-pe-krestovina.webp,China,Крестовина
zadvizhka-chugunnaya-30ch39r-50-pn16-nevo,/images/products/nevo-zadvizhka-chugunnaya.webp,Nevo,Задвижка чугунная 30ч39р
zadvizhka-chugunnaya-30ch39r-65-pn16-nevo,/images/products/nevo-zadvizhka-chugunnaya.webp,Nevo,Задвижка чугунная 30ч39р
zadvizhka-chugunnaya-30ch39r-80-pn16-nevo,/images/products/nevo-zadvizhka-chugunnaya.webp,Nevo,Задвижка чугунная 30ч39р
zadvizhka-chugunnaya-30ch39r-100-pn16-nevo,/images/products/nevo-zadvizhka-chugunnaya.webp,Nevo,Задвижка чугунная 30ч39р
zadvizhka-chugunnaya-30ch39r-150-pn16-nevo,/images/products/nevo-zadvizhka-chugunnaya.webp,Nevo,Задвижка чугунная 30ч39р
zadvizhka-chugunnaya-30ch39r-200-pn16-nevo,/images/products/nevo-zadvizhka-chugunnaya.webp,Nevo,Задвижка чугунная 30ч39р
zadvizhka-chugunnaya-30ch39r-250-pn16-nevo,/images/products/nevo-zadvizhka-chugunnaya.webp,Nevo,Задвижка чугунная 30ч39р
zadvizhka-chugunnaya-30ch39r-300-pn16-nevo,/images/products/nevo-zadvizhka-chugunnaya.webp,Nevo,Задвижка чугунная 30ч39р
zadvizhka-chugunnaya-30ch39r-400-pn16-nevo,/images/products/nevo-zadvizhka-chugunnaya.webp,Nevo,Задвижка чугунная 30ч39р
zadvizhka-chugunnaya-30ch39r-500-pn16-nevo,/images/products/nevo-zadvizhka-chugunnaya.webp,Nevo,Задвижка чугунная 30ч39р
zadvizhka-chugunnaya-30ch39r-630-pn16-elektroprivod-nevo,/images/products/nevo-zadvizhka-chugunnaya.webp,Nevo,Задвижка чугунная 30ч39р
prokladka-dlya-zadvizhek-50-nevo,/images/products/nevo-prokladka-zadvizhka.webp,Nevo,Прокладка для задвижек
prokladka-dlya-zadvizhek-65-nevo,/images/products/nevo-prokladka-zadvizhka.webp,Nevo,Прокладка для задвижек
prokladka-dlya-zadvizhek-80-nevo,/images/products/nevo-prokladka-zadvizhka.webp,Nevo,Прокладка для задвижек
prokladka-dlya-zadvizhek-100-nevo,/images/products/nevo-prokladka-zadvizhka.webp,Nevo,Прокладка для задвижек
prokladka-dlya-zadvizhek-125-nevo,/images/products/nevo-prokladka-zadvizhka.webp,Nevo,Прокладка для задвижек
prokladka-dlya-zadvizhek-150-nevo,/images/products/nevo-prokladka-zadvizhka.webp,Nevo,Прокладка для задвижек
prokladka-dlya-zadvizhek-200-nevo,/images/products/nevo-prokladka-zadvizhka.webp,Nevo,Прокладка для задвижек
prokladka-dlya-zadvizhek-250-nevo,/images/products/nevo-prokladka-zadvizhka.webp,Nevo,Прокладка для задвижек
prokladka-dlya-zadvizhek-300-nevo,/images/products/nevo-prokladka-zadvizhka.webp,Nevo,Прокладка для задвижек
prokladka-dlya-zadvizhek-400-nevo,/images/products/nevo-prokladka-zadvizhka.webp,Nevo,Прокладка для задвижек
prokladka-dlya-zadvizhek-500-nevo,/images/products/nevo-prokladka-zadvizhka.webp,Nevo,Прокладка для задвижек
zadvizhka-chugunnaya-30ch39r-eco-50-pn16-nevo,/images/products/nevo-zadvizhka-eco.webp,Nevo,Задвижка чугунная 30ч39р ECO
zadvizhka-chugunnaya-30ch39r-eco-65-pn16-nevo,/images/products/nevo-zadvizhka-eco.webp,Nevo,Задвижка чугунная 30ч39р ECO
zadvizhka-chugunnaya-30ch39r-eco-80-pn16-nevo,/images/products/nevo-zadvizhka-eco.webp,Nevo,Задвижка чугунная 30ч39р ECO
zadvizhka-chugunnaya-30ch39r-eco-100-pn16-nevo,/images/products/nevo-zadvizhka-eco.webp,Nevo,Задвижка чугунная 30ч39р ECO
zadvizhka-chugunnaya-30ch39r-eco-150-pn16-nevo,/images/products/nevo-zadvizhka-eco.webp,Nevo,Задвижка чугунная 30ч39р ECO
zadvizhka-chugunnaya-30ch39r-latun-50-pn16-nevo,/images/products/nevo-zadvizhka-latun.webp,Nevo,Задвижка чугунная 30ч39р Латунь
zadvizhka-chugunnaya-30ch39r-latun-65-pn16-nevo,/images/products/nevo-zadvizhka-latun.webp,Nevo,Задвижка чугунная 30ч39р Латунь
zadvizhka-chugunnaya-30ch39r-latun-80-pn16-nevo,/images/products/nevo-zadvizhka-latun.webp,Nevo,Задвижка чугунная 30ч39р Латунь
zadvizhka-chugunnaya-30ch39r-latun-100-pn16-nevo,/images/products/nevo-zadvizhka-latun.webp,Nevo,Задвижка чугунная 30ч39р Латунь
zadvizhka-stalnaya-30ch41nzh-50-pn16-nevo,/images/products/nevo-zadvizhka-stalnaya.webp,Nevo,Задвижка стальная 30ч41нж
zadvizhka-stalnaya-30ch41nzh-80-pn16-nevo,/images/products/nevo-zadvizhka-stalnaya.webp,Nevo,Задвижка стальная 30ч41нж
zadvizhka-stalnaya-30ch41nzh-100-pn16-nevo,/images/products/nevo-zadvizhka-stalnaya.webp,Nevo,Задвижка стальная 30ч41нж
zadvizhka-stalnaya-30ch41nzh-125-pn16-nevo,/images/products/nevo-zadvizhka-stalnaya.webp,Nevo,Задвижка стальная 30ч41нж
zadvizhka-stalnaya-30ch41nzh-150-pn16-nevo,/images/products/nevo-zadvizhka-stalnaya.webp,Nevo,Задвижка стальная 30ч41нж
zadvizhka-stalnaya-30ch41nzh-200-pn16-nevo,/images/products/nevo-zadvizhka-stalnaya.webp,Nevo,Задвижка стальная 30ч41нж
zadvizhka-stalnaya-30ch41nzh-250-pn16-nevo,/images/products/nevo-zadvizhka-stalnaya.webp,Nevo,Задвижка стальная 30ч41нж
zadvizhka-stalnaya-30ch41nzh-300-pn16-nevo,/images/products/nevo-zadvizhka-stalnaya.webp,Nevo,Задвижка стальная 30ч41нж
zadvizhka-iz-liteynogo-chuguna-30ch6br-50-pn16-nevo,/images/products/nevo-zadvizhka-liteyniy-chugun.webp,Nevo,Задвижка из литейного чугуна 30ч6бр
zadvizhka-iz-liteynogo-chuguna-30ch6br-65-pn16-nevo,/images/products/nevo-zadvizhka-liteyniy-chugun.webp,Nevo,Задвижка из литейного чугуна 30ч6бр
zadvizhka-iz-liteynogo-chuguna-30ch6br-80-pn16-nevo,/images/products/nevo-zadvizhka-liteyniy-chugun.webp,Nevo,Задвижка из литейного чугуна 30ч6бр
zadvizhka-iz-liteynogo-chuguna-30ch6br-100-pn16-nevo,/images/products/nevo-zadvizhka-liteyniy-chugun.webp,Nevo,Задвижка из литейного чугуна 30ч6бр
zadvizhka-iz-liteynogo-chuguna-30ch6br-150-pn16-nevo,/images/products/nevo-zadvizhka-liteyniy-chugun.webp,Nevo,Задвижка из литейного чугуна 30ч6бр
zadvizhka-iz-liteynogo-chuguna-30ch6br-200-pn16-nevo,/images/products/nevo-zadvizhka-liteyniy-chugun.webp,Nevo,Задвижка из литейного чугуна 30ч6бр
zadvizhka-iz-liteynogo-chuguna-30ch6br-250-pn16-nevo,/images/products/nevo-zadvizhka-liteyniy-chugun.webp,Nevo,Задвижка из литейного чугуна 30ч6бр
zadvizhka-iz-liteynogo-chuguna-30ch6br-300-pn16-nevo,/images/products/nevo-zadvizhka-liteyniy-chugun.webp,Nevo,Задвижка из литейного чугуна 30ч6бр
zatvor-diskovyy-eco-50-nevo,/images/products/nevo-zatvor-diskoviy-eco.webp,Nevo,Затвор дисковый ECO
zatvor-diskovyy-eco-65-nevo,/images/products/nevo-zatvor-diskoviy-eco.webp,Nevo,Затвор дисковый ECO
zatvor-diskovyy-eco-80-nevo,/images/products/nevo-zatvor-diskoviy-eco.webp,Nevo,Затвор дисковый ECO
zatvor-diskovyy-eco-100-nevo,/images/products/nevo-zatvor-diskoviy-eco.webp,Nevo,Затвор дисковый ECO
zatvor-diskovyy-eco-150-nevo,/images/products/nevo-zatvor-diskoviy-eco.webp,Nevo,Затвор дисковый ECO
zatvor-diskovyy-d71x-10-16-50-pn16-nevo,/images/products/nevo-zatvor-diskoviy-d71x.webp,Nevo,Затвор дисковый D71X-10/16
zatvor-diskovyy-d71x-10-16-65-pn16-nevo,/images/products/nevo-zatvor-diskoviy-d71x.webp,Nevo,Затвор дисковый D71X-10/16
zatvor-diskovyy-d71x-10-16-80-pn16-nevo,/images/products/nevo-zatvor-diskoviy-d71x.webp,Nevo,Затвор дисковый D71X-10/16
zatvor-diskovyy-d71x-10-16-100-pn16-nevo,/images/products/nevo-zatvor-diskoviy-d71x.webp,Nevo,Затвор дисковый D71X-10/16
zatvor-diskovyy-d71x-10-16-150-pn16-nevo,/images/products/nevo-zatvor-diskoviy-d71x.webp,Nevo,Затвор дисковый D71X-10/16
zatvor-diskovyy-d71x-10-16-200-pn16-nevo,/images/products/nevo-zatvor-diskoviy-d71x.webp,Nevo,Затвор дисковый D71X-10/16
zatvor-diskovyy-d71x-10-16-250-pn16-nevo,/images/products/nevo-zatvor-diskoviy-d71x.webp,Nevo,Затвор дисковый D71X-10/16
zatvor-diskovyy-d71x-10-16-300-pn16-nevo,/images/products/nevo-zatvor-diskoviy-d71x.webp,Nevo,Затвор дисковый D71X-10/16
chugunnyy-filtr-50-pn16-nevo,/images/products/nevo-chugunniy-filtr.webp,Nevo,Чугунный фильтр
chugunnyy-filtr-65-pn16-nevo,/images/products/nevo-chugunniy-filtr.webp,Nevo,Чугунный фильтр
chugunnyy-filtr-80-pn16-nevo,/images/products/nevo-chugunniy-filtr.webp,Nevo,Чугунный фильтр
chugunnyy-filtr-100-pn16-nevo,/images/products/nevo-chugunniy-filtr.webp,Nevo,Чугунный фильтр
chugunnyy-filtr-125-pn16-nevo,/images/products/nevo-chugunniy-filtr.webp,Nevo,Чугунный фильтр
chugunnyy-filtr-150-pn16-nevo,/images/products/nevo-chugunniy-filtr.webp,Nevo,Чугунный фильтр
chugunnyy-filtr-200-pn16-nevo,/images/products/nevo-chugunniy-filtr.webp,Nevo,Чугунный фильтр
chugunnyy-filtr-250-pn16-nevo,/images/products/nevo-chugunniy-filtr.webp,Nevo,Чугунный фильтр
chugunnyy-filtr-300-pn16-nevo,/images/products/nevo-chugunniy-filtr.webp,Nevo,Чугунный фильтр
obratnyy-klapan-chugunnyy-tab-50-pn16-nevo,/images/products/nevo-obratniy-klapan.webp,Nevo,Обратный клапан чугунный (ТАБ)
obratnyy-klapan-chugunnyy-tab-65-pn16-nevo,/images/products/nevo-obratniy-klapan.webp,Nevo,Обратный клапан чугунный (ТАБ)
obratnyy-klapan-chugunnyy-tab-80-pn16-nevo,/images/products/nevo-obratniy-klapan.webp,Nevo,Обратный клапан чугунный (ТАБ)
obratnyy-klapan-chugunnyy-tab-100-pn16-nevo,/images/products/nevo-obratniy-klapan.webp,Nevo,Обратный клапан чугунный (ТАБ)
obratnyy-klapan-chugunnyy-tab-125-pn16-nevo,/images/products/nevo-obratniy-klapan.webp,Nevo,Обратный клапан чугунный (ТАБ)
obratnyy-klapan-chugunnyy-tab-150-pn16-nevo,/images/products/nevo-obratniy-klapan.webp,Nevo,Обратный клапан чугунный (ТАБ)
obratnyy-klapan-chugunnyy-tab-200-pn16-nevo,/images/products/nevo-obratniy-klapan.webp,Nevo,Обратный клапан чугунный (ТАБ)
obratnyy-klapan-chugunnyy-tab-250-pn16-nevo,/images/products/nevo-obratniy-klapan.webp,Nevo,Обратный клапан чугунный (ТАБ)
obratnyy-klapan-chugunnyy-tab-300-pn16-nevo,/images/products/nevo-obratniy-klapan.webp,Nevo,Обратный клапан чугунный (ТАБ)
demontazhnaya-vstavka-50-pn16-nevo,/images/products/nevo-demontazhnaya-vstavka.webp,Nevo,Демонтажная вставка
demontazhnaya-vstavka-65-pn16-nevo,/images/products/nevo-demontazhnaya-vstavka.webp,Nevo,Демонтажная вставка
demontazhnaya-vstavka-80-pn16-nevo,/images/products/nevo-demontazhnaya-vstavka.webp,Nevo,Демонтажная вставка
demontazhnaya-vstavka-100-pn16-nevo,/images/products/nevo-demontazhnaya-vstavka.webp,Nevo,Демонтажная вставка
demontazhnaya-vstavka-125-pn16-nevo,/images/products/nevo-demontazhnaya-vstavka.webp,Nevo,Демонтажная вставка
demontazhnaya-vstavka-150-pn16-nevo,/images/products/nevo-demontazhnaya-vstavka.webp,Nevo,Демонтажная вставка
demontazhnaya-vstavka-200-pn16-nevo,/images/products/nevo-demontazhnaya-vstavka.webp,Nevo,Демонтажная вставка
demontazhnaya-vstavka-250-pn16-nevo,/images/products/nevo-demontazhnaya-vstavka.webp,Nevo,Демонтажная вставка
demontazhnaya-vstavka-300-pn16-nevo,/images/products/nevo-demontazhnaya-vstavka.webp,Nevo,Демонтажная вставка
vantuz-chugunnyy-flantsevyy-50-pn16-nevo,/images/products/nevo-vantuz.webp,Nevo,Вантуз чугунный фланцевый
vantuz-chugunnyy-flantsevyy-65-pn16-nevo,/images/products/nevo-vantuz.webp,Nevo,Вантуз чугунный фланцевый
vantuz-chugunnyy-flantsevyy-80-pn16-nevo,/images/products/nevo-vantuz.webp,Nevo,Вантуз чугунный фланцевый
vantuz-chugunnyy-flantsevyy-100-pn16-nevo,/images/products/nevo-vantuz.webp,Nevo,Вантуз чугунный фланцевый
pozharnyy-kran-dn50-nevo,/images/products/nevo-pozharniy-kran.webp,Nevo,Пожарный кран
pp-r-truba-pn16-hvs-20-nevo,/images/products/nevo-ppr-truba-pn16.webp,Nevo,PP-R труба PN16 ХВС
pp-r-truba-pn16-hvs-25-nevo,/images/products/nevo-ppr-truba-pn16.webp,Nevo,PP-R труба PN16 ХВС
pp-r-truba-pn16-hvs-32-nevo,/images/products/nevo-ppr-truba-pn16.webp,Nevo,PP-R труба PN16 ХВС
pp-r-truba-pn16-hvs-40-nevo,/images/products/nevo-ppr-truba-pn16.webp,Nevo,PP-R труба PN16 ХВС
pp-r-truba-pn16-hvs-50-nevo,/images/products/nevo-ppr-truba-pn16.webp,Nevo,PP-R труба PN16 ХВС
pp-r-truba-pn16-hvs-63-nevo,/images/products/nevo-ppr-truba-pn16.webp,Nevo,PP-R труба PN16 ХВС
pp-r-truba-pn16-hvs-75-nevo,/images/products/nevo-ppr-truba-pn16.webp,Nevo,PP-R труба PN16 ХВС
pp-r-truba-pn16-hvs-90-nevo,/images/products/nevo-ppr-truba-pn16.webp,Nevo,PP-R труба PN16 ХВС
pp-r-truba-pn16-hvs-110-nevo,/images/products/nevo-ppr-truba-pn16.webp,Nevo,PP-R труба PN16 ХВС
pp-r-truba-kompozit-pn20-gvs-20-nevo,/images/products/nevo-ppr-truba-pn20-kompozit.webp,Nevo,PP-R труба композит PN20 ГВС
pp-r-truba-kompozit-pn20-gvs-25-nevo,/images/products/nevo-ppr-truba-pn20-kompozit.webp,Nevo,PP-R труба композит PN20 ГВС
pp-r-truba-kompozit-pn20-gvs-32-nevo,/images/products/nevo-ppr-truba-pn20-kompozit.webp,Nevo,PP-R труба композит PN20 ГВС
pp-r-truba-kompozit-pn20-gvs-40-nevo,/images/products/nevo-ppr-truba-pn20-kompozit.webp,Nevo,PP-R труба композит PN20 ГВС
pp-r-truba-kompozit-pn20-gvs-50-nevo,/images/products/nevo-ppr-truba-pn20-kompozit.webp,Nevo,PP-R труба композит PN20 ГВС
pp-r-truba-kompozit-pn20-gvs-63-nevo,/images/products/nevo-ppr-truba-pn20-kompozit.webp,Nevo,PP-R труба композит PN20 ГВС
pp-r-truba-kompozit-pn20-gvs-75-nevo,/images/products/nevo-ppr-truba-pn20-kompozit.webp,Nevo,PP-R труба композит PN20 ГВС
pp-r-truba-kompozit-pn20-gvs-90-nevo,/images/products/nevo-ppr-truba-pn20-kompozit.webp,Nevo,PP-R труба композит PN20 ГВС
pp-r-truba-kompozit-pn20-gvs-110-nevo,/images/products/nevo-ppr-truba-pn20-kompozit.webp,Nevo,PP-R труба композит PN20 ГВС
pp-r-truba-pn10-hvs-32-nevo,/images/products/nevo-ppr-truba-pn10.webp,Nevo,PP-R труба PN10 ХВС
pp-r-truba-pn10-hvs-40-nevo,/images/products/nevo-ppr-truba-pn10.webp,Nevo,PP-R труба PN10 ХВС
pp-r-truba-pn10-hvs-50-nevo,/images/products/nevo-ppr-truba-pn10.webp,Nevo,PP-R труба PN10 ХВС
pp-r-truba-pn10-hvs-63-nevo,/images/products/nevo-ppr-truba-pn10.webp,Nevo,PP-R труба PN10 ХВС
pp-r-truba-pn10-hvs-75-nevo,/images/products/nevo-ppr-truba-pn10.webp,Nevo,PP-R труба PN10 ХВС
pp-r-truba-pn10-hvs-90-nevo,/images/products/nevo-ppr-truba-pn10.webp,Nevo,PP-R труба PN10 ХВС
pp-r-truba-pn10-hvs-110-nevo,/images/products/nevo-ppr-truba-pn10.webp,Nevo,PP-R труба PN10 ХВС
mufta-40x40-absan-sanat,/images/products/absan-komp-mufta.webp,Absan Sanat,Муфта
mufta-50x50-absan-sanat,/images/products/absan-komp-mufta.webp,Absan Sanat,Муфта
mufta-63x63-absan-sanat,/images/products/absan-komp-mufta.webp,Absan Sanat,Муфта
mufta-75x75-absan-sanat,/images/products/absan-komp-mufta.webp,Absan Sanat,Муфта
mufta-90x90-absan-sanat,/images/products/absan-komp-mufta.webp,Absan Sanat,Муфта
mufta-110x110-absan-sanat,/images/products/absan-komp-mufta.webp,Absan Sanat,Муфта
otvod-40x40-absan-sanat,/images/products/absan-komp-otvod.webp,Absan Sanat,Отвод
otvod-50x50-absan-sanat,/images/products/absan-komp-otvod.webp,Absan Sanat,Отвод
otvod-63x63-absan-sanat,/images/products/absan-komp-otvod.webp,Absan Sanat,Отвод
otvod-75x75-absan-sanat,/images/products/absan-komp-otvod.webp,Absan Sanat,Отвод
otvod-90x90-absan-sanat,/images/products/absan-komp-otvod.webp,Absan Sanat,Отвод
otvod-110x110-absan-sanat,/images/products/absan-komp-otvod.webp,Absan Sanat,Отвод
troynik-40x40x40-absan-sanat,/images/products/absan-komp-troynik.webp,Absan Sanat,Тройник
troynik-50x50x50-absan-sanat,/images/products/absan-komp-troynik.webp,Absan Sanat,Тройник
troynik-63x63x63-absan-sanat,/images/products/absan-komp-troynik.webp,Absan Sanat,Тройник
troynik-75x75x75-absan-sanat,/images/products/absan-komp-troynik.webp,Absan Sanat,Тройник
troynik-90x90x90-absan-sanat,/images/products/absan-komp-troynik.webp,Absan Sanat,Тройник
troynik-110x110x110-absan-sanat,/images/products/absan-komp-troynik.webp,Absan Sanat,Тройник
troynik-perehodnik-50x40-absan-sanat,/images/products/absan-komp-troynik-perehodnik.webp,Absan Sanat,Тройник переходник
troynik-perehodnik-63x50-absan-sanat-2,/images/products/absan-komp-troynik-perehodnik.webp,Absan Sanat,Тройник переходник
troynik-perehodnik-75x50-absan-sanat-2,/images/products/absan-komp-troynik-perehodnik.webp,Absan Sanat,Тройник переходник
troynik-perehodnik-75x63-absan-sanat-2,/images/products/absan-komp-troynik-perehodnik.webp,Absan Sanat,Тройник переходник
troynik-perehodnik-90x75-absan-sanat-2,/images/products/absan-komp-troynik-perehodnik.webp,Absan Sanat,Тройник переходник
troynik-perehodnik-110x75-absan-sanat-2,/images/products/absan-komp-troynik-perehodnik.webp,Absan Sanat,Тройник переходник
troynik-perehodnik-110x90-absan-sanat-2,/images/products/absan-komp-troynik-perehodnik.webp,Absan Sanat,Тройник переходник
sharovoy-kran-40-absan-sanat,/images/products/absan-komp-mufta.webp,Absan Sanat,Шаровой кран
sharovoy-kran-50-absan-sanat,/images/products/absan-komp-mufta.webp,Absan Sanat,Шаровой кран
sharovoy-kran-63-absan-sanat,/images/products/absan-komp-mufta.webp,Absan Sanat,Шаровой кран
sharovoy-kran-75-absan-sanat,/images/products/absan-komp-mufta.webp,Absan Sanat,Шаровой кран
sharovoy-kran-90-absan-sanat,/images/products/absan-komp-mufta.webp,Absan Sanat,Шаровой кран
sharovoy-kran-110-absan-sanat,/images/products/absan-komp-mufta.webp,Absan Sanat,Шаровой кран
perehodnik-40x32-absan-sanat,/images/products/absan-komp-perehodnik.webp,Absan Sanat,Переходник
perehodnik-50x32-absan-sanat,/images/products/absan-komp-perehodnik.webp,Absan Sanat,Переходник
perehodnik-50x40-absan-sanat,/images/products/absan-komp-perehodnik.webp,Absan Sanat,Переходник
perehodnik-63x40-absan-sanat,/images/products/absan-komp-perehodnik.webp,Absan Sanat,Переходник
perehodnik-63x50-absan-sanat-2,/images/products/absan-komp-perehodnik.webp,Absan Sanat,Переходник
perehodnik-75x50-absan-sanat-2,/images/products/absan-komp-perehodnik.webp,Absan Sanat,Переходник
perehodnik-75x63-absan-sanat-2,/images/products/absan-komp-perehodnik.webp,Absan Sanat,Переходник
perehodnik-90x75-absan-sanat-2,/images/products/absan-komp-perehodnik.webp,Absan Sanat,Переходник
zaglushka-40x40-absan-sanat,/images/products/absan-komp-zaglushka.webp,Absan Sanat,Заглушка
zaglushka-50x50-absan-sanat,/images/products/absan-komp-zaglushka.webp,Absan Sanat,Заглушка
zaglushka-63x63-absan-sanat,/images/products/absan-komp-zaglushka.webp,Absan Sanat,Заглушка
zaglushka-75x75-absan-sanat,/images/products/absan-komp-zaglushka.webp,Absan Sanat,Заглушка
ppr-truba-pn-16-hvs-20-aqua-line,/images/products/aqua-truba-pn16.webp,Aqua Line,ППР труба PN-16 ХВС
ppr-truba-pn-16-hvs-25-aqua-line,/images/products/aqua-truba-pn16.webp,Aqua Line,ППР труба PN-16 ХВС
ppr-truba-pn-16-hvs-32-aqua-line,/images/products/aqua-truba-pn16.webp,Aqua Line,ППР труба PN-16 ХВС
ppr-truba-pn-16-hvs-40-aqua-line,/images/products/aqua-truba-pn16.webp,Aqua Line,ППР труба PN-16 ХВС
ppr-truba-pn-16-hvs-50-aqua-line,/images/products/aqua-truba-pn16.webp,Aqua Line,ППР труба PN-16 ХВС
ppr-truba-pn-16-hvs-63-aqua-line,/images/products/aqua-truba-pn16.webp,Aqua Line,ППР труба PN-16 ХВС
ppr-truba-pn-20-gvs-20-aqua-line,/images/products/aqua-truba-pn20.webp,Aqua Line,ППР труба PN-20 ГВС
ppr-truba-pn-20-gvs-25-aqua-line,/images/products/aqua-truba-pn20.webp,Aqua Line,ППР труба PN-20 ГВС
ppr-truba-pn-20-gvs-32-aqua-line,/images/products/aqua-truba-pn20.webp,Aqua Line,ППР труба PN-20 ГВС
ppr-truba-pn-20-gvs-40-aqua-line,/images/products/aqua-truba-pn20.webp,Aqua Line,ППР труба PN-20 ГВС
ppr-truba-pn-20-gvs-50-aqua-line,/images/products/aqua-truba-pn20.webp,Aqua Line,ППР труба PN-20 ГВС
ppr-truba-pn-20-gvs-63-aqua-line,/images/products/aqua-truba-pn20.webp,Aqua Line,ППР труба PN-20 ГВС
ppr-truba-pn-10-hvs-32-aqua-line,/images/products/aqua-truba-pn10.webp,Aqua Line,ППР труба PN-10 ХВС
ppr-truba-pn-10-hvs-40-aqua-line,/images/products/aqua-truba-pn10.webp,Aqua Line,ППР труба PN-10 ХВС
ppr-truba-pn-10-hvs-50-aqua-line,/images/products/aqua-truba-pn10.webp,Aqua Line,ППР труба PN-10 ХВС
ppr-truba-pn-10-hvs-63-aqua-line,/images/products/aqua-truba-pn10.webp,Aqua Line,ППР труба PN-10 ХВС
mufta-20-aqua-line,/images/products/aqua-mufta.webp,Aqua Line,Муфта
mufta-25-aqua-line,/images/products/aqua-mufta.webp,Aqua Line,Муфта
mufta-32-aqua-line,/images/products/aqua-mufta.webp,Aqua Line,Муфта
mufta-40-aqua-line,/images/products/aqua-mufta.webp,Aqua Line,Муфта
mufta-50-aqua-line,/images/products/aqua-mufta.webp,Aqua Line,Муфта
mufta-63-aqua-line,/images/products/aqua-mufta.webp,Aqua Line,Муфта
otvod-20-aqua-line,/images/products/aqua-otvod.webp,Aqua Line,Отвод
otvod-25-aqua-line,/images/products/aqua-otvod.webp,Aqua Line,Отвод
otvod-32-aqua-line,/images/products/aqua-otvod.webp,Aqua Line,Отвод
otvod-40-aqua-line,/images/products/aqua-otvod.webp,Aqua Line,Отвод
otvod-50-aqua-line,/images/products/aqua-otvod.webp,Aqua Line,Отвод
otvod-63-aqua-line,/images/products/aqua-otvod.webp,Aqua Line,Отвод
pol-otvod-20-aqua-line,/images/products/aqua-pol-otvod.webp,Aqua Line,Пол отвод
pol-otvod-25-aqua-line,/images/products/aqua-pol-otvod.webp,Aqua Line,Пол отвод
pol-otvod-32-aqua-line,/images/products/aqua-pol-otvod.webp,Aqua Line,Пол отвод
pol-otvod-40-aqua-line,/images/products/aqua-pol-otvod.webp,Aqua Line,Пол отвод
pol-otvod-50-aqua-line,/images/products/aqua-pol-otvod.webp,Aqua Line,Пол отвод
pol-otvod-63-aqua-line,/images/products/aqua-pol-otvod.webp,Aqua Line,Пол отвод
troynik-20-aqua-line,/images/products/aqua-troynik.webp,Aqua Line,Тройник
troynik-25-aqua-line,/images/products/aqua-troynik.webp,Aqua Line,Тройник
troynik-32-aqua-line,/images/products/aqua-troynik.webp,Aqua Line,Тройник
troynik-40-aqua-line,/images/products/aqua-troynik.webp,Aqua Line,Тройник
troynik-50-aqua-line,/images/products/aqua-troynik.webp,Aqua Line,Тройник
troynik-63-aqua-line,/images/products/aqua-troynik.webp,Aqua Line,Тройник
ktps-s-askue-ktps-25-10-6-0-4-kv,/images/products/ktp-ktps.webp,KTP,КТПС с АСКУЭ
ktps-s-askue-ktps-40-10-6-0-4-kv,/images/products/ktp-ktps.webp,KTP,КТПС с АСКУЭ
ktps-s-askue-ktps-63-10-6-0-4-kv,/images/products/ktp-ktps.webp,KTP,КТПС с АСКУЭ
ktps-s-askue-ktps-100-10-6-0-4-kv,/images/products/ktp-ktps.webp,KTP,КТПС с АСКУЭ
ktps-s-askue-ktps-160-10-6-0-4-kv,/images/products/ktp-ktps.webp,KTP,КТПС с АСКУЭ
ktps-s-askue-ktps-250-10-6-0-4-kv,/images/products/ktp-ktps.webp,KTP,КТПС с АСКУЭ
gktp-s-askue-gktp-100-10-6-0-4-kv,/images/products/ktp-gktp.webp,KTP,ГКТП с АСКУЭ
gktp-s-askue-gktp-160-10-6-0-4-kv,/images/products/ktp-gktp.webp,KTP,ГКТП с АСКУЭ
gktp-s-askue-gktp-250-10-6-0-4-kv,/images/products/ktp-gktp.webp,KTP,ГКТП с АСКУЭ
gktp-s-askue-gktp-400-10-6-0-4-kv,/images/products/ktp-gktp.webp,KTP,ГКТП с АСКУЭ
gktp-s-askue-gktp-630-10-6-0-4-kv,/images/products/ktp-gktp.webp,KTP,ГКТП с АСКУЭ
homut-santehnicheskiy-1-2-20-24-mayer,/images/products/mayer-homut.webp,Mayer,Хомут сантехнический
homut-santehnicheskiy-3-4-25-28-mayer,/images/products/mayer-homut.webp,Mayer,Хомут сантехнический
homut-santehnicheskiy-1-32-35-mayer,/images/products/mayer-homut.webp,Mayer,Хомут сантехнический
homut-santehnicheskiy-1-1-4-39-46-mayer,/images/products/mayer-homut.webp,Mayer,Хомут сантехнический
homut-santehnicheskiy-1-1-2-48-52-mayer,/images/products/mayer-homut.webp,Mayer,Хомут сантехнический
homut-santehnicheskiy-2-60-63-mayer,/images/products/mayer-homut.webp,Mayer,Хомут сантехнический
homut-santehnicheskiy-2-1-2-74-80-mayer,/images/products/mayer-homut.webp,Mayer,Хомут сантехнический
homut-santehnicheskiy-3-88-94-mayer,/images/products/mayer-homut.webp,Mayer,Хомут сантехнический
homut-santehnicheskiy-4-108-116-mayer,/images/products/mayer-homut.webp,Mayer,Хомут сантехнический
homut-santehnicheskiy-6-162-170-mayer,/images/products/mayer-homut.webp,Mayer,Хомут сантехнический
homut-santehnicheskiy-8-207-219-mayer,/images/products/mayer-homut.webp,Mayer,Хомут сантехнический
